"Status","Name","Duration in ms","Description"
"passed","factory.FactoryTest.test2","0",""
"passed","factory.TestDate.test2","1",""
"passed","parallel.Parallel1.tes1","1",""
"passed","factory.TestDate.test1","0",""
"passed","factory.FactoryTest1.sout1","3001",""
"passed","factory.FactoryTest2.sout1","10002",""
"passed","factory.FactoryTest.test1","0",""
"broken","timeout.TestTimeOut.test2","241",""
"passed","factory.FactoryTest3.sout1","0",""
"passed","parallel.Parallel1.test2","1",""
"passed","factory.Factory1.test2","0",""
"passed","parallel.Parallel1.test3","1",""
"broken","timeout.TestTimeOut.test1","265",""
"passed","factory.Factory1.test1","0",""
